{
   "file_counts" : 25,
   "file_list" : [
      {
         "file_describe_code" : 4,
         "file_name" : "dxp_pcb_8458610640409968640_1-macro.apr_lib",
         "layer_name" : "nil"
      },
      {
         "file_describe_code" : 4,
         "file_name" : "dxp_pcb_8458610640409968640_1.apr",
         "layer_name" : "nil"
      },
      {
         "file_describe_code" : 4,
         "file_name" : "dxp_pcb_8458610640409968640_1.drr",
         "layer_name" : "nil"
      },
      {
         "file_describe_code" : 4,
         "file_name" : "dxp_pcb_8458610640409968640_1.extrep",
         "layer_name" : "nil"
      },
      {
         "file_describe_code" : 0,
         "file_name" : "dxp_pcb_8458610640409968640_1.gbl",
         "layer_name" : "bl"
      },
      {
         "file_describe_code" : 0,
         "file_name" : "dxp_pcb_8458610640409968640_1.gbo",
         "layer_name" : "bo"
      },
      {
         "file_describe_code" : 0,
         "file_name" : "dxp_pcb_8458610640409968640_1.gbp",
         "layer_name" : "bp"
      },
      {
         "file_describe_code" : 0,
         "file_name" : "dxp_pcb_8458610640409968640_1.gbs",
         "layer_name" : "bs"
      },
      {
         "file_describe_code" : 3,
         "file_name" : "dxp_pcb_8458610640409968640_1.gd1",
         "layer_name" : "dd1"
      },
      {
         "file_describe_code" : 3,
         "file_name" : "dxp_pcb_8458610640409968640_1.gg1",
         "layer_name" : "dd"
      },
      {
         "file_describe_code" : 2,
         "file_name" : "dxp_pcb_8458610640409968640_1.gko",
         "layer_name" : "gko"
      },
      {
         "file_describe_code" : 0,
         "file_name" : "dxp_pcb_8458610640409968640_1.gm13",
         "layer_name" : "gm2"
      },
      {
         "file_describe_code" : 0,
         "file_name" : "dxp_pcb_8458610640409968640_1.gm15",
         "layer_name" : "gm3"
      },
      {
         "file_describe_code" : 0,
         "file_name" : "dxp_pcb_8458610640409968640_1.gm6",
         "layer_name" : "gm1"
      },
      {
         "file_describe_code" : 3,
         "file_name" : "dxp_pcb_8458610640409968640_1.gpb",
         "layer_name" : "nil"
      },
      {
         "file_describe_code" : 3,
         "file_name" : "dxp_pcb_8458610640409968640_1.gpt",
         "layer_name" : "nil"
      },
      {
         "file_describe_code" : 0,
         "file_name" : "dxp_pcb_8458610640409968640_1.gtl",
         "layer_name" : "tl"
      },
      {
         "file_describe_code" : 0,
         "file_name" : "dxp_pcb_8458610640409968640_1.gto",
         "layer_name" : "to"
      },
      {
         "file_describe_code" : 0,
         "file_name" : "dxp_pcb_8458610640409968640_1.gtp",
         "layer_name" : "tp"
      },
      {
         "file_describe_code" : 0,
         "file_name" : "dxp_pcb_8458610640409968640_1.gts",
         "layer_name" : "ts"
      },
      {
         "file_describe_code" : 4,
         "file_name" : "dxp_pcb_8458610640409968640_1.ldp",
         "layer_name" : "nil"
      },
      {
         "file_describe_code" : 4,
         "file_name" : "dxp_pcb_8458610640409968640_1.rep",
         "layer_name" : "nil"
      },
      {
         "file_describe_code" : 4,
         "file_name" : "dxp_pcb_8458610640409968640_1.rul",
         "layer_name" : "nil"
      },
      {
         "file_describe_code" : 0,
         "file_name" : "dxp_pcb_8458610640409968640_1.txt",
         "layer_name" : "drl"
      },
      {
         "file_describe_code" : 4,
         "file_name" : "status report.txt",
         "layer_name" : "nil"
      }
   ]
}
