{
   "file_counts" : 29,
   "file_list" : [
      {
         "file_describe_code" : 0,
         "file_name" : "2dline.pho",
         "layer_name" : "gm1"
      },
      {
         "file_describe_code" : 4,
         "file_name" : "2dline.rep",
         "layer_name" : "nil"
      },
      {
         "file_describe_code" : 0,
         "file_name" : "art001.pho",
         "layer_name" : "tl"
      },
      {
         "file_describe_code" : 4,
         "file_name" : "art001.rep",
         "layer_name" : "nil"
      },
      {
         "file_describe_code" : 0,
         "file_name" : "art002.pho",
         "layer_name" : "bl"
      },
      {
         "file_describe_code" : 4,
         "file_name" : "art002.rep",
         "layer_name" : "nil"
      },
      {
         "file_describe_code" : 0,
         "file_name" : "bot2dline.pho",
         "layer_name" : "gm2"
      },
      {
         "file_describe_code" : 4,
         "file_name" : "bot2dline.rep",
         "layer_name" : "nil"
      },
      {
         "file_describe_code" : 3,
         "file_name" : "dd001024.pho",
         "layer_name" : "dd"
      },
      {
         "file_describe_code" : 4,
         "file_name" : "dd001024.rep",
         "layer_name" : "nil"
      },
      {
         "file_describe_code" : 0,
         "file_name" : "drl001.drl",
         "layer_name" : "drl"
      },
      {
         "file_describe_code" : 4,
         "file_name" : "drl001.lst",
         "layer_name" : "nil"
      },
      {
         "file_describe_code" : 4,
         "file_name" : "drl001.rep",
         "layer_name" : "nil"
      },
      {
         "file_describe_code" : 2,
         "file_name" : "gko.pho",
         "layer_name" : "gko"
      },
      {
         "file_describe_code" : 4,
         "file_name" : "gko.rep",
         "layer_name" : "nil"
      },
      {
         "file_describe_code" : 0,
         "file_name" : "sm001021.pho",
         "layer_name" : "ts"
      },
      {
         "file_describe_code" : 4,
         "file_name" : "sm001021.rep",
         "layer_name" : "nil"
      },
      {
         "file_describe_code" : 0,
         "file_name" : "sm002028.pho",
         "layer_name" : "bs"
      },
      {
         "file_describe_code" : 4,
         "file_name" : "sm002028.rep",
         "layer_name" : "nil"
      },
      {
         "file_describe_code" : 0,
         "file_name" : "smd001023.pho",
         "layer_name" : "tp"
      },
      {
         "file_describe_code" : 4,
         "file_name" : "smd001023.rep",
         "layer_name" : "nil"
      },
      {
         "file_describe_code" : 0,
         "file_name" : "smd002022.pho",
         "layer_name" : "bp"
      },
      {
         "file_describe_code" : 4,
         "file_name" : "smd002022.rep",
         "layer_name" : "nil"
      },
      {
         "file_describe_code" : 0,
         "file_name" : "ssb002029.pho",
         "layer_name" : "bo"
      },
      {
         "file_describe_code" : 4,
         "file_name" : "ssb002029.rep",
         "layer_name" : "nil"
      },
      {
         "file_describe_code" : 0,
         "file_name" : "sst001026.pho",
         "layer_name" : "to"
      },
      {
         "file_describe_code" : 4,
         "file_name" : "sst001026.rep",
         "layer_name" : "nil"
      },
      {
         "file_describe_code" : 0,
         "file_name" : "top2dline.pho",
         "layer_name" : "gm3"
      },
      {
         "file_describe_code" : 4,
         "file_name" : "top2dline.rep",
         "layer_name" : "nil"
      }
   ]
}
